,min,betas,max
0,0.0,0.0,0.0
1,0.13848496651695705,0.381919161854759,0.6253533571925609
2,-0.6915160529429201,-0.45402413446736356,-0.216532215991807
