,min,betas,max
0,0.0,0.0,0.0
1,0.904841352913341,1.9497207730891617,2.9946001932649824
2,-9.816014805198895,-8.79483748306425,-7.773660160929603
3,-2.8098661836902115,-1.8735180696493459,-0.9371699556084804
4,2.596577325384649,3.4024094495351562,4.2082415736856635
5,7.186424181889175,8.09825892245262,9.010093663016066
