,min,betas,max
0,0.0,0.0,0.0
1,-17.841180242254204,-16.78909288198864,-15.737005521723079
2,-3.8822626064651544,-2.844412851736827,-1.8065630970084994
3,8.365915470298196,9.315967354134395,10.266019237970594
4,4.087478633836732,4.893251710092617,5.6990247863485015
5,-1.7192654640646023,-0.7959478018214732,0.127369860421656
