,min,betas,max
0,0.0,0.0,0.0
1,-0.09924558919563575,0.14282422865423752,0.3848940465041108
2,-0.553765466449381,-0.30714377898038914,-0.06052209151139731
