,min,betas,max
0,0.0,0.0,0.0
1,0.8147211147844984,1.0579153038523121,1.301109492920126
2,0.9928926170307867,1.2267958852080911,1.4606991533853957
